{
    "format_version": "1.16.0",
    "minecraft:entity": {
        "description": {
            "identifier": "dbg:rccampos",
            "is_spawnable": false,
            "is_summonable": true,
            "is_experimental": false
        },
        "components": {
            "minecraft:type_family": {
                "family": [ "other" ]
            },
            "minecraft:damage_sensor": {
                "triggers": {
                    "cause": "all",
                    "deals_damage": false
                }
            },
            "minecraft:collision_box": {
                "height": 0.0,
                "width": 0.0
            },
            "minecraft:physics": {
                "has_gravity": false,
                "has_collision": false
            },
            "minecraft:pushable": {
                "is_pushable": false,
                "is_pushable_by_piston": false
            },
            "minecraft:nameable": {
                "always_show": true,
                "allow_name_tag_renaming": true
             },
            "minecraft:conditional_bandwidth_optimization": {
            }
        }
    }
}