{
  "pools": [
    {
      "rolls": 1,
      "entries": [
        {
          "type": "item",
          "name": "minecraft:stick",
          "functions": [
            {
              "function": "specific_enchants",
              "enchants": [
                "mending"
              ]
            },
            {
              "function": "set_name",
              "name": "Replay"
            }
          ]
        }
      ]
    },
    {
      "rolls": 1,
      "entries": [
        {
          "type": "item",
          "name": "minecraft:stick",
          "functions": [
            {
              "function": "specific_enchants",
              "enchants": [
                "mending"
              ]
            },
            {
              "function": "set_name",
              "name": "Cinematic"
            }
          ]
        }
      ]
    }
  ]
}